date,diesel,hvo
2020-01-01,9.14,10016.0
2020-01-02,9.43,10232.0
2020-01-03,9.43,10312.0
2020-01-04,9.59,10392.0
2020-01-05,9.59,10392.0
2020-01-06,9.59,10392.0
2020-01-07,9.59,10392.0
2020-01-08,9.59,10312.0
2020-01-09,9.59,10312.0
2020-01-10,9.51,10232.0
2020-01-11,9.43,10232.0
2020-01-12,9.43,10232.0
2020-01-13,9.43,10232.0
2020-01-14,9.43,10232.0
2020-01-15,9.35,10152.0
2020-01-16,9.35,10152.0
2020-01-17,9.35,10152.0
2020-01-18,9.19,10152.0
2020-01-19,9.19,10152.0
2020-01-20,9.19,10152.0
2020-01-21,9.19,10232.0
2020-01-22,9.19,10232.0
2020-01-23,9.19,10232.0
2020-01-24,9.11,10152.0
2020-01-25,9.11,10072.0
2020-01-26,9.11,10072.0
2020-01-27,9.11,10072.0
2020-01-28,8.95,9992.0
2020-01-29,8.95,9992.0
2020-01-30,8.95,9912.0
2020-01-31,8.95,9912.0
2020-02-01,8.87,9912.0
2020-02-02,8.87,9912.0
2020-02-03,8.87,9912.0
2020-02-04,8.87,9912.0
2020-02-05,8.71,9752.0
2020-02-06,8.71,9752.0
2020-02-07,8.79,9832.0
2020-02-08,8.79,9752.0
2020-02-09,8.79,9752.0
2020-02-10,8.79,9752.0
2020-02-11,8.79,9832.0
2020-02-12,8.79,9832.0
2020-02-13,8.79,9752.0
2020-02-14,8.79,9752.0
2020-02-15,8.87,9832.0
2020-02-16,8.87,9832.0
2020-02-17,8.87,9832.0
2020-02-18,8.87,9832.0
2020-02-19,8.87,9912.0
2020-02-20,8.79,9912.0
2020-02-21,8.87,9992.0
2020-02-22,8.87,9992.0
2020-02-23,8.87,9992.0
2020-02-24,8.87,9992.0
2020-02-25,8.87,9912.0
2020-02-26,8.87,9912.0
2020-02-27,8.79,9832.0
2020-02-28,8.71,9752.0
2020-02-29,8.63,9672.0
2020-03-01,8.63,9672.0
2020-03-02,8.63,9672.0
2020-03-03,8.55,9512.0
2020-03-04,8.55,9512.0
2020-03-05,8.63,9512.0
2020-03-06,8.63,9592.0
2020-03-07,8.63,9512.0
2020-03-08,8.63,9512.0
2020-03-09,8.63,9512.0
2020-03-10,8.39,9272.0
2020-03-11,8.23,9112.0
2020-03-12,8.15,9032.0
2020-03-13,8.15,8952.0
2020-03-14,8.07,8792.0
2020-03-15,8.07,8792.0
2020-03-16,8.07,8792.0
2020-12-22,8.07,112.0
2021-01-01,8.02,72.0
2021-01-02,8.02,72.0
2021-01-03,8.02,72.0
2021-01-04,8.02,72.0
2021-01-07,8.07,192.0
2021-01-08,8.07,192.0
2021-01-09,8.07,272.0
2021-01-10,8.07,272.0
2021-01-11,8.07,272.0
2021-01-12,8.15,352.0
2021-01-13,8.15,352.0
2021-01-14,8.15,352.0
2021-01-15,8.23,13.34
2021-01-16,8.23,13.34
2021-01-17,8.23,13.34
2021-01-18,8.23,13.34
2021-01-19,8.23,13.34
2021-01-20,8.23,13.34
2021-01-21,8.23,13.34
2021-01-22,8.23,13.34
2021-01-23,8.23,13.34
2021-01-24,8.23,13.34
2021-01-25,8.23,13.34
2021-01-26,8.15,13.26
2021-01-27,8.15,13.26
2021-01-28,8.15,13.26
2021-01-29,8.23,13.34
2021-01-30,8.23,13.34
2021-01-31,8.23,13.34
2021-02-01,8.23,13.34
2021-02-02,8.23,13.34
2021-02-03,8.23,13.34
2021-02-04,8.31,13.42
2021-02-05,8.39,13.54
2021-02-06,8.39,13.54
2021-02-07,8.39,13.54
2021-02-08,8.39,13.54
2021-02-09,8.47,13.62
2021-02-10,8.47,13.62
2021-02-11,8.47,13.62
2021-02-12,8.47,13.62
2021-02-13,8.47,13.62
2021-02-14,8.47,13.62
2021-02-15,8.47,13.62
2021-02-16,8.47,13.62
2021-02-17,8.55,13.7
2021-02-18,8.55,13.7
2021-02-19,8.63,13.78
2021-02-20,8.63,13.78
2021-02-21,8.63,13.78
2021-02-22,8.63,13.78
2021-02-23,8.63,13.78
2021-02-24,8.63,13.78
2021-02-25,8.63,13.78
2021-02-26,8.71,13.86
2021-02-27,8.71,13.86
2021-02-28,8.71,13.86
2021-03-01,8.71,13.86
2021-03-02,8.71,13.86
2021-03-03,8.71,13.86
2021-03-04,8.63,13.78
2021-03-05,8.63,13.78
2021-03-06,8.63,13.78
2021-03-07,8.63,13.78
2021-03-08,8.63,13.78
2021-03-09,8.79,14.14
2021-03-10,8.79,14.22
2021-03-11,8.79,14.22
2021-03-12,8.71,14.14
2021-03-13,8.79,14.22
2021-03-14,8.79,14.22
2021-03-15,8.79,14.22
2021-03-16,8.79,14.22
2021-03-17,8.79,14.22
2021-03-18,8.71,14.14
2021-03-19,8.71,14.14
2021-03-20,8.63,14.1
2021-03-21,8.63,14.1
2021-03-22,8.63,14.1
2021-03-23,8.63,14.1
2021-03-24,8.63,14.1
2021-03-25,8.55,14.02
2021-03-26,8.63,14.14
2021-03-27,8.55,14.06
2021-03-28,8.55,14.06
2021-03-29,8.55,14.06
2021-03-30,8.63,14.18
2021-03-31,8.63,14.18
2021-04-01,8.63,14.18
2021-04-02,8.63,14.18
2021-04-03,8.63,14.18
2021-04-04,8.63,14.18
2021-04-05,8.63,14.18
2021-04-06,8.63,14.18
2021-04-07,8.55,14.18
2021-04-08,8.55,14.18
2021-04-09,8.55,14.18
2021-04-10,8.55,14.18
2021-04-11,8.55,14.18
2021-04-12,8.55,14.18
2021-04-13,8.55,14.18
2021-04-14,8.55,14.18
2021-04-15,8.55,14.26
2021-04-16,8.63,14.34
2021-04-17,8.63,14.34
2021-04-18,8.63,14.34
2021-04-19,8.63,14.34
2021-04-20,8.63,14.34
2021-04-21,8.55,14.34
2021-04-22,8.55,14.34
2021-04-23,8.55,14.34
2021-04-24,8.55,14.34
2021-04-25,8.55,14.34
2021-04-26,8.55,14.34
2021-04-27,8.55,14.34
2021-04-28,8.55,14.34
2021-04-29,8.55,14.34
2021-04-30,8.63,14.42
2021-05-01,8.63,14.42
2021-05-02,8.63,14.42
2021-05-03,8.63,14.42
2021-05-04,8.63,14.42
2021-05-05,8.63,14.42
2021-05-06,8.79,14.58
2021-05-07,8.79,14.58
2021-05-08,8.79,14.58
2021-05-09,8.79,14.58
2021-05-10,8.79,14.58
2021-05-11,8.79,14.58
2021-05-12,8.79,14.58
2021-05-13,8.79,14.58
2021-05-14,8.79,14.58
2021-05-15,8.79,14.58
2021-05-16,8.79,14.58
2021-05-17,8.79,14.58
2021-05-18,8.79,14.58
2021-05-19,8.87,14.66
2021-05-20,8.87,14.66
2021-05-21,8.71,14.5
2021-05-22,8.79,14.58
2021-05-23,8.79,14.58
2021-05-24,8.79,14.58
2021-05-25,8.79,14.58
2021-05-26,8.79,14.58
2021-05-27,8.79,14.58
2021-05-28,8.79,14.58
2021-05-29,8.79,14.58
2021-05-30,8.79,14.58
2021-05-31,8.79,14.58
2021-06-01,8.87,14.66
2021-06-02,8.87,14.66
2021-06-03,8.87,14.66
2021-06-04,8.95,14.74
2021-06-05,8.95,14.74
2021-06-06,8.95,14.74
2021-06-07,8.95,14.74
2021-06-08,8.95,14.74
2021-06-09,8.95,14.74
2021-06-10,8.95,14.74
2021-06-11,8.95,14.74
2021-06-12,8.95,14.74
2021-06-13,8.95,14.74
2021-06-14,8.95,14.74
2021-06-15,8.95,14.74
2021-06-16,8.95,14.74
2021-06-17,8.95,14.74
2021-06-18,9.03,14.82
2021-06-19,8.95,14.74
2021-06-20,8.95,14.74
2021-06-21,8.95,14.74
2021-06-22,9.03,14.9
2021-06-23,9.03,14.9
2021-06-24,9.11,14.98
2021-06-25,9.11,14.98
2021-06-26,9.11,14.98
2021-06-27,9.11,14.98
2021-06-28,9.11,14.98
2021-06-29,9.11,14.98
2021-06-30,9.11,14.98
2021-07-01,9.11,14.98
2021-07-02,9.11,14.98
2021-07-03,9.19,15.06
2021-07-04,9.19,15.06
2021-07-05,9.19,15.06
2021-07-06,9.19,15.06
2021-07-07,9.19,15.06
2021-07-08,9.19,15.06
2021-07-09,9.11,14.98
2021-07-10,9.11,14.98
2021-07-11,9.11,14.98
2021-07-12,9.11,14.98
2021-07-13,9.19,15.06
2021-07-14,9.19,15.06
2021-07-15,9.19,15.06
2021-07-16,9.19,15.14
2021-07-17,9.11,15.06
2021-07-18,9.11,15.06
2021-07-19,9.11,15.06
2021-07-20,9.11,15.06
2021-07-21,8.95,14.9
2021-07-22,8.95,14.9
2021-07-23,9.03,14.98
2021-07-24,9.11,15.06
2021-07-25,9.11,15.06
2021-07-26,9.11,15.06
2021-07-27,9.11,15.06
2021-07-28,9.11,15.06
2021-07-29,9.11,15.06
2021-07-30,9.19,15.14
2021-07-31,9.19,15.14
2021-08-01,9.19,15.14
2021-08-02,9.19,15.14
2021-08-03,9.19,15.14
2021-08-04,9.11,15.06
2021-08-05,9.11,15.06
2021-08-06,9.03,14.98
2021-08-07,9.11,15.14
2021-08-08,9.11,15.14
2021-08-09,9.11,15.14
2021-08-10,9.11,15.14
2021-08-11,9.03,15.06
2021-08-12,9.11,15.14
2021-08-13,9.11,15.14
2021-08-14,9.11,15.14
2021-08-15,9.11,15.14
2021-08-16,9.11,15.14
2021-08-17,9.11,15.14
2021-08-18,9.11,15.14
2021-08-19,9.11,15.14
2021-08-20,9.11,15.14
2021-08-21,9.03,15.06
2021-08-22,9.03,15.06
2021-08-23,9.03,15.06
2021-08-24,9.03,15.06
2021-08-25,9.11,15.14
2021-08-26,9.19,15.22
2021-08-27,9.19,15.22
2021-08-28,9.19,15.22
2021-08-29,9.19,15.22
2021-08-30,9.19,15.22
2021-08-31,9.19,15.22
2021-09-01,9.27,15.3
2021-09-02,9.27,15.3
2021-09-03,9.19,15.22
2021-09-04,9.27,15.3
2021-09-05,9.27,15.3
2021-09-06,9.27,15.3
2021-09-07,9.27,15.3
2021-09-08,9.27,15.3
2021-09-09,9.27,15.3
2021-09-10,9.27,15.3
2021-09-11,9.27,15.3
2021-09-12,9.27,15.3
2021-09-13,9.27,15.3
2021-09-14,9.27,15.3
2021-09-15,9.27,15.3
2021-09-16,9.35,15.38
2021-09-17,9.43,15.46
2021-09-18,9.43,15.46
2021-09-19,9.43,15.46
2021-09-20,9.43,15.46
2021-09-21,9.43,15.46
2021-09-22,9.43,15.46
2021-09-23,9.43,15.46
2021-09-24,9.51,15.54
2021-09-25,9.59,15.62
2021-09-26,9.59,15.62
2021-09-27,9.59,15.62
2021-09-28,9.59,15.62
2021-09-29,9.67,15.7
2021-09-30,9.67,15.7
2021-10-01,9.67,15.7
2021-10-02,9.83,15.86
2021-10-03,9.83,15.86
2021-10-04,9.83,15.86
2021-10-05,9.83,15.86
2021-10-06,9.91,15.94
2021-10-07,10.07,16.1
2021-10-08,10.07,16.1
2021-10-09,10.15,16.38
2021-10-10,10.15,16.38
2021-10-11,10.15,16.38
2021-10-12,10.23,16.46
2021-10-13,10.23,16.46
2021-10-14,10.15,16.38
2021-10-15,10.15,16.38
2021-10-16,10.23,16.46
2021-10-17,10.23,16.46
2021-10-18,10.23,16.46
2021-10-19,10.23,16.46
2021-10-20,10.23,16.46
2021-10-21,10.23,16.46
2021-10-22,10.23,16.48
2021-10-23,10.15,16.4
2021-10-24,10.15,16.4
2021-10-25,10.15,16.4
2021-10-26,10.23,16.48
2021-10-27,10.31,16.56
2021-10-28,10.31,16.56
2021-10-29,10.23,16.48
2021-10-30,10.23,16.48
2021-10-31,10.23,16.48
2021-11-01,10.23,16.48
2021-11-02,10.23,16.48
2021-11-03,10.31,16.56
2021-11-04,10.31,16.56
2021-11-05,10.31,16.56
2021-11-06,10.31,16.56
2021-11-07,10.31,16.56
2021-11-08,10.31,16.56
2021-11-09,10.39,16.64
2021-11-10,10.39,16.64
2021-11-11,10.39,16.64
2021-11-12,10.39,16.64
2021-11-13,10.31,16.56
2021-11-14,10.31,16.56
2021-11-15,10.31,16.56
2021-11-16,10.31,16.56
2021-11-17,10.23,16.48
2021-11-18,10.23,16.48
2021-11-19,10.15,16.4
2021-11-20,10.15,16.4
2021-11-21,10.15,16.4
2021-11-22,10.15,16.4
2021-11-23,10.07,16.32
2021-11-24,10.15,16.4
2021-11-25,10.23,16.48
2021-11-26,10.31,16.56
2021-11-27,10.23,16.48
2021-11-28,10.23,16.48
2021-11-29,10.23,16.48
2021-11-30,9.83,16.08
2021-12-01,9.91,16.16
2021-12-02,9.75,16.0
2021-12-03,9.75,16.0
2021-12-04,9.75,16.0
2021-12-05,9.75,16.0
2021-12-06,9.75,16.0
2021-12-07,9.83,16.08
2021-12-08,9.83,16.08
2021-12-09,9.99,16.4
2021-12-10,9.91,16.32
2021-12-11,9.91,16.32
2021-12-12,9.91,16.32
2021-12-13,9.91,16.32
2021-12-14,9.91,16.32
2021-12-15,9.91,16.32
2021-12-16,9.91,16.32
2021-12-17,9.91,16.32
2021-12-18,9.91,16.32
2021-12-19,9.91,16.32
2021-12-20,9.91,16.32
2021-12-21,9.91,16.32
2021-12-22,9.75,16.16
2021-12-23,9.83,16.24
2021-12-24,9.83,16.24
2021-12-25,9.91,16.32
2021-12-26,9.91,16.32
2021-12-27,9.91,16.32
2021-12-28,9.91,16.32
2021-12-29,9.91,16.32
2021-12-30,9.91,16.32
2021-12-31,9.99,16.4
2022-01-01,9.99,16.4
2022-01-02,9.99,16.4
2022-01-03,9.99,16.4
2022-01-04,9.99,16.4
2022-01-05,9.99,18.4
2022-01-06,10.07,18.56
2022-01-07,10.15,18.64
2022-01-08,10.23,18.72
2022-01-09,10.23,18.72
2022-01-10,10.23,18.72
2022-01-11,10.23,18.72
2022-01-12,10.23,18.72
2022-01-13,10.23,18.72
2022-01-14,10.23,18.72
2022-01-15,10.23,18.72
2022-01-16,10.23,18.72
2022-01-17,10.23,18.72
2022-01-18,10.23,18.72
2022-01-19,10.31,18.8
2022-01-20,10.31,18.8
2022-01-21,10.39,18.88
2022-01-22,10.39,18.88
2022-01-23,10.39,18.88
2022-01-24,10.39,18.88
2022-01-25,10.39,18.88
2022-01-26,10.31,18.8
2022-01-27,10.31,18.8
2022-01-28,10.39,19.12
2022-01-29,10.47,19.28
2022-01-30,10.47,19.28
2022-01-31,10.47,19.28
2022-02-01,10.55,19.36
2022-02-02,10.55,19.36
2022-02-03,10.55,19.36
2022-02-04,10.47,19.12
2022-02-05,10.55,19.2
2022-02-06,10.55,19.2
2022-02-07,10.55,19.2
2022-02-08,10.63,19.28
2022-02-09,10.63,19.28
2022-02-10,10.55,19.2
2022-02-11,10.55,19.2
2022-02-12,10.63,19.28
2022-02-13,10.63,19.28
2022-02-14,10.63,19.28
2022-02-15,10.63,19.28
2022-02-16,10.71,19.36
2022-02-17,10.63,19.28
2022-02-18,10.71,19.36
2022-02-19,10.63,19.28
2022-02-20,10.63,19.28
2022-02-21,10.63,19.28
2022-02-22,10.63,19.28
2022-02-23,10.63,19.28
2022-02-24,10.71,19.36
2022-02-25,10.79,19.44
2022-02-26,11.03,19.68
2022-02-27,11.03,19.68
2022-02-28,11.03,19.68
2022-03-01,10.95,19.6
2022-03-02,11.03,19.68
2022-03-03,11.51,20.16
2022-03-04,11.99,20.64
2022-03-05,12.23,20.88
2022-03-06,12.23,20.88
2022-03-07,12.23,20.88
2022-03-08,12.55,21.2
2022-03-09,13.35,22.0
2022-03-10,14.15,22.8
2022-03-11,13.35,22.0
2022-03-12,12.15,20.8
2022-03-13,12.15,20.8
2022-03-14,12.15,20.8
2022-03-15,12.31,20.96
2022-03-16,12.07,20.72
2022-03-17,11.83,20.64
2022-03-18,11.83,20.64
2022-03-19,12.47,21.44
2022-03-20,12.47,21.44
2022-03-21,12.47,21.44
2022-03-22,12.55,21.52
2022-03-23,13.11,22.08
2022-03-24,13.11,22.08
2022-03-25,13.51,22.48
2022-03-26,13.51,22.48
2022-03-27,13.51,22.48
2022-03-28,13.51,22.48
2022-03-29,13.35,22.32
2022-03-30,12.95,21.92
2022-03-31,12.47,21.44
2022-04-01,12.47,21.44
2022-04-02,12.23,21.2
2022-04-03,12.23,21.2
2022-04-04,12.23,21.2
2022-04-05,12.31,21.28
2022-04-06,12.55,21.52
2022-04-07,12.23,21.2
2022-04-08,12.15,21.2
2022-04-09,11.91,20.96
2022-04-10,11.91,20.96
2022-04-11,11.91,20.96
2022-04-12,11.99,21.04
2022-04-13,11.91,21.04
2022-04-14,12.23,21.36
2022-04-15,12.23,21.36
2022-04-16,12.23,21.36
2022-04-17,12.23,21.36
2022-04-18,12.23,21.36
2022-04-19,12.23,21.36
2022-04-20,12.79,21.92
2022-04-21,12.71,21.84
2022-04-22,12.71,21.84
2022-04-23,12.71,21.84
2022-04-24,12.71,21.84
2022-04-25,12.71,21.84
2022-04-26,12.71,21.84
2022-04-27,12.47,21.6
2022-04-28,12.71,22.0
2022-04-29,12.95,22.32
2022-04-30,13.19,22.64
2022-05-01,13.19,22.64
2022-05-02,13.19,22.64
2022-05-03,13.27,22.8
2022-05-04,13.27,22.8
2022-05-05,13.11,22.56
2022-05-06,13.11,22.56
2022-05-07,13.11,22.56
2022-05-08,13.11,22.56
2022-05-09,13.11,22.56
2022-05-10,12.95,22.4
2022-05-11,12.63,22.08
2022-05-12,12.63,22.08
2022-05-13,12.71,22.16
2022-05-14,12.71,22.16
2022-05-15,12.71,22.16
2022-05-16,12.71,22.16
2022-05-17,12.87,22.4
2022-05-18,12.87,22.4
2022-05-19,12.71,22.24
2022-05-20,12.55,22.08
2022-05-21,12.39,21.92
2022-05-22,12.39,21.92
2022-05-23,12.39,21.92
2022-05-24,12.39,21.92
2022-05-25,12.39,21.92
2022-05-26,12.47,22.0
2022-05-27,12.47,22.0
2022-05-28,12.95,22.32
2022-05-29,12.95,22.32
2022-05-30,12.95,22.32
2022-05-31,12.95,22.32
2022-06-01,13.03,22.4
2022-06-02,13.35,22.72
2022-06-03,13.75,23.12
2022-06-04,13.75,23.12
2022-06-05,13.75,23.12
2022-06-06,13.75,23.12
2022-06-07,13.75,23.12
2022-06-08,14.15,23.52
2022-06-09,14.15,23.52
2022-06-10,14.15,23.52
2022-06-11,14.31,23.68
2022-06-12,14.31,23.68
2022-06-13,14.31,23.68
2022-06-14,14.31,23.68
2022-06-15,14.39,23.92
2022-06-16,14.55,24.16
2022-06-17,14.71,24.4
2022-06-18,14.55,24.24
2022-06-19,14.55,24.24
2022-06-20,14.55,24.24
2022-06-21,14.47,24.16
2022-06-22,14.47,24.16
2022-06-23,14.39,24.08
2022-06-24,14.31,24.0
2022-06-25,14.31,24.0
2022-06-26,14.31,24.0
2022-06-27,14.31,24.0
2022-06-28,14.31,24.0
2022-06-29,14.15,23.84
2022-06-30,13.91,23.6
2022-07-01,13.83,23.52
2022-07-02,13.67,23.36
2022-07-03,13.67,23.36
2022-07-04,13.67,23.36
2022-07-05,13.83,23.52
2022-07-06,13.91,23.6
2022-07-07,13.75,23.44
2022-07-08,13.43,23.28
2022-07-09,13.43,23.28
2022-07-10,13.43,23.28
2022-07-11,13.43,23.28
2022-07-12,13.43,23.28
2022-07-13,13.59,23.44
2022-07-14,13.51,23.36
2022-07-15,13.51,23.36
2022-07-16,13.43,23.36
2022-07-17,13.43,23.36
2022-07-18,13.43,23.36
2022-07-19,13.59,23.52
2022-07-20,13.59,23.52
2022-07-21,13.35,23.28
2022-07-22,13.27,23.12
2022-07-23,13.11,22.96
2022-07-24,13.11,22.96
2022-07-25,13.11,22.96
2022-07-26,13.19,23.04
2022-07-27,13.19,23.04
2022-07-28,13.19,23.04
2022-07-29,13.19,23.04
2022-07-30,13.19,23.04
2022-07-31,13.19,23.04
2022-08-01,13.19,23.04
2022-08-02,13.11,22.96
2022-08-03,12.87,22.72
2022-08-04,12.63,22.48
2022-08-05,12.63,22.48
2022-08-06,12.55,22.4
2022-08-07,12.55,22.4
2022-08-08,12.55,22.4
2022-08-09,12.39,22.24
2022-08-10,12.31,22.08
2022-08-11,12.39,22.16
2022-08-12,12.47,22.24
2022-08-13,12.55,22.32
2022-08-14,12.55,22.32
2022-08-15,12.55,22.32
2022-08-16,12.87,22.64
2022-08-17,12.79,22.64
2022-08-18,12.79,22.8
2022-08-19,12.95,22.96
2022-08-20,13.11,23.12
2022-08-21,13.11,23.12
2022-08-22,13.11,23.12
2022-08-23,13.19,23.44
2022-08-24,13.27,23.6
2022-08-25,13.43,23.84
2022-08-26,13.59,24.08
2022-08-27,13.59,24.08
2022-08-28,13.59,24.08
2022-08-29,13.59,24.08
2022-08-30,13.59,24.08
2022-08-31,13.59,24.08
2022-09-01,13.43,23.92
2022-09-02,13.27,23.76
2022-09-03,13.11,23.6
2022-09-04,13.11,23.6
2022-09-05,13.11,23.6
2022-09-06,12.95,23.52
2022-09-07,13.19,23.92
2022-09-08,12.95,23.68
2022-09-09,12.95,23.68
2022-09-10,12.79,23.52
2022-09-11,12.79,23.52
2022-09-12,12.79,23.52
2022-09-13,12.79,23.52
2022-09-14,12.87,23.6
2022-09-15,12.79,23.52
2022-09-16,12.55,23.28
2022-09-17,12.31,23.04
2022-09-18,12.31,23.04
2022-09-19,12.31,23.04
2022-09-20,12.31,23.04
2022-09-21,12.31,23.04
2022-09-22,12.31,23.04
2022-09-23,12.31,23.04
2022-09-24,12.55,23.28
2022-09-25,12.55,23.28
2022-09-26,12.55,23.28
2022-09-27,12.55,23.28
2022-09-28,12.39,23.28
2022-09-29,12.55,23.44
2022-09-30,12.87,23.76
2022-10-01,12.87,23.76
2022-10-02,12.87,23.76
2022-10-03,12.87,23.76
2022-10-04,12.71,23.6
2022-10-05,12.71,23.6
2022-10-06,13.19,23.68
2022-10-07,13.75,24.24
2022-10-08,13.75,24.24
2022-10-09,13.75,24.24
2022-10-10,13.75,24.24
2022-10-11,14.07,24.8
2022-10-12,14.07,24.8
2022-10-13,13.91,24.64
2022-10-14,13.91,24.64
2022-10-15,13.99,24.8
2022-10-16,13.99,24.8
2022-10-17,13.99,24.8
2022-10-18,13.99,24.8
2022-10-19,13.99,24.8
2022-10-20,13.91,24.72
2022-10-21,13.91,24.72
2022-10-22,13.91,24.72
2022-10-23,13.91,24.72
2022-10-24,13.91,24.72
2022-10-25,13.75,24.56
2022-10-26,13.75,24.56
2022-10-27,13.67,24.48
2022-10-28,13.67,24.48
2022-10-29,13.67,24.48
2022-10-30,13.67,24.48
2022-10-31,13.67,24.48
2022-11-01,13.75,24.56
2022-11-02,13.59,24.4
2022-11-03,13.35,24.16
2022-11-04,13.35,24.16
2022-11-05,13.67,24.48
2022-11-06,13.67,24.48
2022-11-07,13.67,24.48
2022-11-08,13.67,24.48
2022-11-09,13.51,24.32
2022-11-10,13.27,23.92
2022-11-11,13.11,23.76
2022-11-12,12.95,23.6
2022-11-13,12.95,23.6
2022-11-14,12.95,23.6
2022-11-15,12.79,23.12
2022-11-16,12.63,22.96
2022-11-17,12.47,22.8
2022-11-18,12.39,22.64
2022-11-19,12.31,22.56
2022-11-20,12.31,22.56
2022-11-21,12.31,22.56
2022-11-22,12.15,22.4
2022-11-23,12.07,22.32
2022-11-24,12.07,22.32
2022-11-25,11.99,22.24
2022-11-26,11.99,22.24
2022-11-27,11.99,22.24
2022-11-28,11.99,22.24
2022-11-29,11.99,22.24
2022-11-30,11.91,22.16
2022-12-01,11.75,22.0
2022-12-02,11.91,22.16
2022-12-03,12.07,22.16
2022-12-04,12.07,22.16
2022-12-05,12.07,22.16
2022-12-06,11.83,21.92
2022-12-07,11.67,21.6
2022-12-08,11.51,21.44
2022-12-09,11.35,21.28
2022-12-10,11.27,21.2
2022-12-11,11.27,21.2
2022-12-12,11.27,21.2
2022-12-13,11.27,21.2
2022-12-14,11.27,21.2
2022-12-15,11.51,21.44
2022-12-16,11.51,21.44
2022-12-17,11.75,21.68
2022-12-18,11.75,21.68
2022-12-19,11.75,21.68
2022-12-20,11.59,21.52
2022-12-21,11.59,21.52
2022-12-22,11.59,21.52
2022-12-23,11.59,21.52
2022-12-24,11.67,21.6
2022-12-25,11.67,21.6
2022-12-26,11.67,21.6
2022-12-27,11.67,21.6
2022-12-28,11.75,21.6
2022-12-29,11.75,21.6
2022-12-30,11.75,21.6
2022-12-31,11.75,21.6
2023-01-01,11.8,21.65
2023-01-02,11.8,21.65
2023-01-03,11.99,21.84
2023-01-04,11.99,21.84
2023-01-05,11.99,21.84
2023-01-06,11.83,21.68
2023-01-07,11.75,21.6
2023-01-08,11.75,21.6
2023-01-09,11.75,21.6
2023-01-10,11.91,21.76
2023-01-11,11.91,21.76
2023-01-12,11.83,21.6
2023-01-13,11.99,21.6
2023-01-14,12.15,21.76
2023-01-15,12.15,21.76
2023-01-16,12.15,21.76
2023-01-17,12.15,21.76
2023-01-18,12.15,21.76
2023-01-19,12.15,21.76
2023-01-20,12.15,21.76
2023-01-21,12.15,21.76
2023-01-22,12.15,21.76
2023-01-23,12.15,21.76
2023-01-24,12.39,21.92
2023-01-25,12.47,22.0
2023-01-26,12.39,21.92
2023-01-27,12.31,21.84
2023-01-28,12.15,21.6
2023-01-29,12.15,21.6
2023-01-30,12.15,21.6
2023-01-31,12.07,21.52
2023-02-01,11.91,21.36
2023-02-02,11.83,21.28
2023-02-03,11.75,21.2
2023-02-04,11.59,21.04
2023-02-05,11.59,21.04
2023-02-06,11.59,21.04
2023-02-07,11.51,20.88
2023-02-08,11.35,20.72
2023-02-09,11.51,20.96
2023-02-10,11.51,20.96
2023-02-11,11.35,20.8
2023-02-12,11.35,20.8
2023-02-13,11.35,20.8
2023-02-14,11.51,21.04
2023-02-15,11.51,21.04
2023-02-16,11.51,21.04
2023-02-17,11.35,20.96
2023-02-18,11.35,20.96
2023-02-19,11.35,20.96
2023-02-20,11.35,20.96
2023-02-21,11.19,20.8
2023-02-22,11.19,20.8
2023-02-23,11.19,20.8
2023-02-24,11.11,20.8
2023-02-25,11.11,20.8
2023-02-26,11.11,20.8
2023-02-27,11.11,20.8
2023-02-28,11.27,20.96
2023-03-01,11.35,21.12
2023-03-02,11.35,21.12
2023-03-03,11.35,21.12
2023-03-04,11.51,21.28
2023-03-05,11.51,21.28
2023-03-06,11.51,21.28
2023-03-07,11.51,21.28
2023-03-08,11.35,21.12
2023-03-09,11.27,20.96
2023-03-10,11.19,20.96
2023-03-11,11.19,20.96
2023-03-12,11.19,20.96
2023-03-13,11.19,20.96
2023-03-14,11.19,20.96
2023-03-15,11.11,20.88
2023-03-16,11.11,20.88
2023-03-17,10.95,20.72
2023-03-18,10.95,20.72
2023-03-19,10.95,20.72
2023-03-20,10.95,20.72
2023-03-21,11.03,20.8
2023-03-22,10.95,20.72
2023-03-23,11.03,20.8
2023-03-24,11.03,20.8
2023-03-25,11.03,20.64
2023-03-26,11.03,20.64
2023-03-27,11.03,20.64
2023-03-28,11.03,20.64
2023-03-29,11.03,20.64
2023-03-30,11.03,20.64
2023-03-31,10.95,20.48
2023-04-01,10.79,20.32
2023-04-02,10.79,20.32
2023-04-03,10.79,20.32
2023-04-04,10.95,20.48
2023-04-05,10.95,20.48
2023-04-06,10.87,20.48
2023-04-07,10.87,20.48
2023-04-08,10.87,20.48
2023-04-09,10.87,20.48
2023-04-10,10.87,20.48
2023-04-11,10.87,20.48
2023-04-12,10.87,20.48
2023-04-13,10.79,20.4
2023-04-14,10.79,20.4
2023-04-15,10.71,20.32
2023-04-16,10.71,20.32
2023-04-17,10.71,20.32
2023-04-18,10.79,20.4
2023-04-19,10.71,19.92
2023-04-20,10.71,19.92
2023-04-21,10.71,19.92
2023-04-22,10.55,19.76
2023-04-23,10.55,19.76
2023-04-24,10.55,19.76
2023-04-25,10.55,19.76
2023-04-26,10.71,19.92
2023-04-27,10.55,19.76
2023-04-28,10.55,19.76
2023-04-29,10.47,19.68
2023-04-30,10.47,19.68
2023-05-01,10.47,19.68
2023-05-02,10.31,19.28
2023-05-03,10.31,19.28
2023-05-04,10.15,19.12
2023-05-05,10.07,19.04
2023-05-06,10.07,19.04
2023-05-07,10.07,19.04
2023-05-08,10.07,19.04
2023-05-09,10.07,19.04
2023-05-10,10.07,19.04
2023-05-11,10.15,18.72
2023-05-12,10.15,18.72
2023-05-13,10.15,18.72
2023-05-14,10.15,18.72
2023-05-15,10.15,18.72
2023-05-16,10.15,18.72
2023-05-17,10.15,18.72
2023-05-18,10.15,18.72
2023-05-19,10.15,18.72
2023-05-20,10.31,18.88
2023-05-21,10.31,18.88
2023-05-22,10.31,18.88
2023-05-23,10.23,18.8
2023-05-24,10.23,18.8
2023-05-25,10.23,18.8
2023-05-26,10.23,18.8
2023-05-27,10.23,18.8
2023-05-28,10.23,18.8
2023-05-29,10.23,18.8
2023-05-30,10.23,18.8
2023-05-31,10.23,18.8
2023-06-01,10.15,18.4
2023-06-02,10.15,18.4
2023-06-03,10.23,18.48
2023-06-04,10.23,18.48
2023-06-05,10.23,18.48
2023-06-06,10.23,18.48
2023-06-07,10.31,18.56
2023-06-08,10.31,18.56
2023-06-09,10.39,18.64
2023-06-10,10.39,18.64
2023-06-11,10.39,18.64
2023-06-12,10.39,18.64
2023-06-13,10.39,18.64
2023-06-14,10.31,18.48
2023-06-15,10.39,18.48
2023-06-16,10.39,18.48
2023-06-17,10.47,18.56
2023-06-18,10.47,18.56
2023-06-19,10.47,18.56
2023-06-20,10.71,18.64
2023-06-21,10.71,18.64
2023-06-22,10.55,18.48
2023-06-23,10.55,18.48
2023-06-24,10.47,18.4
2023-06-25,10.47,18.4
2023-06-26,10.47,18.4
2023-06-27,10.39,18.4
2023-06-28,10.39,18.4
2023-06-29,10.39,18.4
2023-06-30,10.39,18.4
2023-07-01,10.39,18.4
2023-07-02,10.39,18.4
2023-07-03,10.39,18.4
2023-07-04,10.47,18.48
2023-07-05,10.47,18.48
2023-07-06,10.47,18.48
2023-07-07,10.55,18.56
2023-07-08,10.55,18.56
2023-07-09,10.55,18.56
2023-07-10,10.55,18.56
2023-07-11,10.55,18.56
2023-07-12,10.55,18.56
2023-07-13,10.71,18.56
2023-07-14,10.71,18.56
2023-07-15,10.71,18.56
2023-07-16,10.71,18.56
2023-07-17,10.71,18.56
2023-07-18,10.71,18.56
2023-07-19,10.71,18.56
2023-07-20,10.71,18.4
2023-07-21,10.79,18.48
2023-07-22,10.79,18.48
2023-07-23,10.79,18.48
2023-07-24,10.79,18.48
2023-07-25,10.87,18.64
2023-07-26,11.03,18.8
2023-07-27,11.03,18.8
2023-07-28,11.11,18.88
2023-07-29,11.19,18.96
2023-07-30,11.19,18.96
2023-07-31,11.19,18.96
2023-08-01,11.35,19.2
2023-08-02,11.27,19.2
2023-08-03,11.51,19.44
2023-08-04,11.35,19.28
2023-08-05,11.51,19.44
2023-08-06,11.51,19.44
2023-08-07,11.51,19.44
2023-08-08,11.51,19.44
2023-08-09,11.35,19.28
2023-08-10,11.35,19.36
2023-08-11,11.59,19.6
2023-08-12,11.59,19.6
2023-08-13,11.59,19.6
2023-08-14,11.59,19.6
2023-08-15,11.51,19.52
2023-08-16,11.51,19.52
2023-08-17,11.35,19.36
2023-08-18,11.35,19.36
2023-08-19,11.51,19.52
2023-08-20,11.51,19.52
2023-08-21,11.51,19.52
2023-08-22,11.59,19.6
2023-08-23,11.59,19.6
2023-08-24,11.59,19.6
2023-08-25,11.59,19.6
2023-08-26,11.59,19.68
2023-08-27,11.59,19.68
2023-08-28,11.59,19.68
2023-08-29,11.83,19.92
2023-08-30,11.83,19.92
2023-08-31,11.75,19.84
2023-09-01,11.59,19.68
2023-09-02,11.59,19.68
2023-09-03,11.59,19.68
2023-09-04,11.59,19.68
2023-09-05,11.59,19.68
2023-09-06,11.35,19.68
2023-09-07,11.67,20.0
2023-09-08,11.59,19.92
2023-09-09,11.67,20.0
2023-09-10,11.67,20.0
2023-09-11,11.67,20.0
2023-09-12,11.99,20.32
2023-09-13,11.99,20.32
2023-09-14,11.99,20.32
2023-09-15,12.07,20.4
2023-09-16,12.31,20.64
2023-09-17,12.31,20.64
2023-09-18,12.31,20.64
2023-09-19,12.15,20.48
2023-09-20,11.99,20.32
2023-09-21,11.99,20.32
2023-09-22,11.91,20.24
2023-09-23,12.15,20.48
2023-09-24,12.15,20.48
2023-09-25,12.15,20.48
2023-09-26,12.07,20.4
2023-09-27,11.99,20.32
2023-09-28,11.91,20.24
2023-09-29,11.99,20.4
2023-09-30,12.15,20.56
2023-10-01,12.15,20.56
2023-10-02,12.15,20.56
2023-10-03,12.15,20.56
2023-10-04,12.07,20.48
2023-10-05,11.99,20.4
2023-10-06,11.91,20.32
2023-10-07,11.75,20.16
2023-10-08,11.75,20.16
2023-10-09,11.75,20.16
2023-10-10,11.59,20.0
2023-10-11,11.59,20.0
2023-10-12,11.59,20.0
2023-10-13,11.51,19.92
2023-10-14,11.59,20.0
2023-10-15,11.59,20.0
2023-10-16,11.59,20.0
2023-10-17,11.83,20.24
2023-10-18,11.83,20.24
2023-10-19,11.75,20.16
2023-10-20,11.75,20.16
2023-10-21,11.83,20.24
2023-10-22,11.83,20.24
2023-10-23,11.83,20.24
2023-10-24,11.83,20.24
2023-10-25,11.75,20.16
2023-10-26,11.59,20.0
2023-10-27,11.59,20.0
2023-10-28,11.59,20.0
2023-10-29,11.59,20.0
2023-10-30,11.59,20.0
2023-10-31,11.51,19.92
2023-11-01,11.35,19.76
2023-11-02,11.35,19.76
2023-11-03,11.51,19.92
2023-11-04,11.51,19.92
2023-11-05,11.51,19.92
2023-11-06,11.51,19.92
2023-11-07,11.35,19.76
2023-11-08,11.35,19.76
2023-11-09,11.19,19.52
2023-11-10,11.19,19.52
2023-11-11,11.03,19.36
2023-11-12,11.03,19.36
2023-11-13,11.03,19.36
2023-11-14,11.03,19.36
2023-11-15,11.11,19.44
2023-11-16,11.11,19.44
2023-11-17,11.11,19.28
2023-11-18,11.03,19.2
2023-11-19,11.03,19.2
2023-11-20,11.03,19.2
2023-11-21,11.03,19.2
2023-11-22,11.03,19.2
2023-11-23,11.03,19.12
2023-11-24,11.03,19.12
2023-11-25,11.03,19.12
2023-11-26,11.03,19.12
2023-11-27,11.03,19.12
2023-11-28,11.03,19.12
2023-11-29,10.95,19.04
2023-11-30,10.95,19.04
2023-12-01,10.95,19.04
2023-12-02,10.87,18.96
2023-12-03,10.87,18.96
2023-12-04,10.87,18.96
2023-12-05,10.87,18.96
2023-12-06,10.87,18.96
2023-12-07,10.87,18.96
2023-12-08,10.71,18.8
2023-12-09,10.71,18.8
2023-12-10,10.71,18.8
2023-12-11,10.71,18.8
2023-12-12,10.71,18.8
2023-12-13,10.71,18.8
2023-12-14,10.71,18.8
2023-12-15,10.71,18.8
2023-12-16,10.71,18.8
2023-12-17,10.71,18.8
2023-12-18,10.71,18.8
2023-12-19,10.71,18.8
2023-12-20,10.87,18.96
2023-12-21,10.95,18.88
2023-12-22,10.95,18.88
2023-12-23,10.95,18.88
2023-12-24,10.95,18.88
2023-12-25,10.95,18.88
2023-12-26,10.95,18.88
2023-12-27,10.95,18.88
2023-12-28,10.95,18.88
2023-12-29,10.95,18.88
2023-12-30,10.87,18.64
2023-12-31,10.87,18.64
2024-01-01,11.13,18.85
2024-01-02,11.13,18.85
2024-01-03,11.03,18.72
2024-01-04,11.03,18.72
2024-01-05,11.19,18.96
2024-01-06,11.11,18.88
2024-01-07,11.11,18.88
2024-01-08,11.11,18.88
2024-01-09,11.11,18.88
2024-01-10,11.11,18.88
2024-01-11,11.11,18.88
2024-01-12,11.19,18.96
2024-01-13,11.19,18.96
2024-01-14,11.19,18.96
2024-01-15,11.19,18.96
2024-01-16,11.27,19.04
2024-01-17,11.27,19.04
2024-01-18,11.35,19.12
2024-01-19,11.27,19.04
2024-01-20,11.27,19.04
2024-01-21,11.27,19.04
2024-01-22,11.27,19.04
2024-01-23,11.35,19.12
2024-01-24,11.35,19.12
2024-01-25,11.35,18.6
2024-01-26,11.51,18.52
2024-01-27,11.51,18.64
2024-01-28,11.51,18.64
2024-01-29,11.51,18.64
2024-01-30,11.51,18.64
2024-01-31,11.51,18.88
2024-02-01,11.51,18.88
2024-02-02,11.51,18.88
2024-02-03,11.51,18.88
2024-02-04,11.51,18.88
2024-02-05,11.51,18.88
2024-02-06,11.35,18.64
2024-02-07,11.35,18.64
2024-02-08,11.51,18.88
2024-02-09,11.59,18.96
2024-02-10,11.75,19.12
2024-02-11,11.75,19.12
2024-02-12,11.75,19.12
2024-02-13,11.83,19.2
2024-02-14,11.83,19.2
2024-02-15,11.83,19.2
2024-02-16,11.75,19.12
2024-02-17,11.75,19.12
2024-02-18,11.75,19.12
2024-02-19,11.75,19.12
2024-02-20,11.51,18.96
2024-02-21,11.51,18.96
2024-02-22,11.27,18.88
2024-02-23,11.19,16.88
2024-02-24,11.19,16.88
2024-02-25,11.19,16.88
2024-02-26,11.19,16.88
2024-02-27,11.11,16.8
2024-02-28,11.19,16.88
2024-02-29,11.19,16.88
2024-03-01,11.03,16.72
2024-03-02,11.03,16.72
2024-03-03,11.03,16.72
2024-03-04,11.03,16.72
2024-03-05,11.27,16.96
2024-03-06,11.19,16.72
2024-03-07,11.11,16.64
2024-03-08,11.19,16.72
2024-03-09,11.19,16.72
2024-03-10,11.19,16.72
2024-03-11,11.19,16.72
2024-03-12,11.11,16.64
2024-03-13,11.11,16.64
2024-03-14,11.11,16.64
2024-03-15,11.11,16.64
2024-03-16,11.19,16.72
2024-03-17,11.19,16.72
2024-03-18,11.19,16.72
2024-03-19,11.27,16.8
2024-03-20,11.35,16.88
2024-03-21,11.35,16.88
2024-03-22,11.27,16.8
2024-03-23,11.19,16.72
2024-03-24,11.19,16.72
2024-03-25,11.19,16.72
2024-03-26,11.19,16.72
2024-03-27,11.27,16.8
2024-03-28,11.19,16.72
2024-03-29,11.19,16.72
2024-03-30,11.19,16.72
2024-03-31,11.19,16.72
2024-04-01,11.19,16.72
2024-04-02,11.19,16.72
2024-04-03,11.19,16.72
2024-04-04,11.35,16.88
2024-04-05,11.51,17.04
2024-04-06,11.35,16.88
2024-04-07,11.35,16.88
2024-04-08,11.35,16.88
2024-04-09,11.35,16.88
2024-04-10,11.35,16.88
2024-04-11,11.35,16.88
2024-04-12,11.27,16.72
2024-04-13,11.27,16.72
2024-04-14,11.27,16.72
2024-04-15,11.27,16.72
2024-04-16,11.35,16.88
2024-04-17,11.27,16.8
2024-04-18,11.27,16.8
2024-04-19,11.27,16.8
2024-04-20,11.11,16.64
2024-04-21,11.11,16.64
2024-04-22,11.11,16.64
2024-04-23,11.03,16.56
2024-04-24,11.03,16.56
2024-04-25,11.11,16.64
2024-04-26,11.11,16.64
2024-04-27,11.11,16.64
2024-04-28,11.11,16.64
2024-04-29,11.11,16.64
2024-04-30,11.19,16.72
2024-05-01,11.19,16.72
2024-05-02,11.11,16.64
2024-05-03,11.11,16.64
2024-05-04,11.03,16.48
2024-05-05,11.03,16.48
2024-05-06,11.03,16.48
2024-05-07,11.03,16.48
2024-05-08,11.03,16.48
2024-05-09,11.03,16.48
2024-05-10,11.03,16.48
2024-05-11,11.11,16.56
2024-05-12,11.11,16.56
2024-05-13,11.11,16.56
2024-05-14,11.11,16.56
2024-05-15,11.11,16.56
2024-05-16,11.03,16.48
2024-05-17,11.03,16.48
2024-05-18,11.03,16.48
2024-05-19,11.03,16.48
2024-05-20,11.03,16.48
2024-05-21,11.03,16.48
2024-05-22,11.11,16.56
2024-05-23,11.11,16.48
2024-05-24,11.03,16.4
2024-05-25,11.03,16.4
2024-05-26,11.03,16.4
2024-05-27,11.03,16.4
2024-05-28,11.03,16.4
2024-05-29,11.03,16.4
2024-05-30,11.11,16.4
2024-05-31,11.11,16.4
2024-06-01,11.03,16.32
2024-06-02,11.03,16.32
2024-06-03,11.03,16.32
2024-06-04,10.95,16.24
2024-06-05,10.95,16.24
2024-06-06,10.95,16.24
2024-06-07,10.87,16.16
2024-06-08,10.87,16.16
2024-06-09,10.87,16.16
2024-06-10,10.87,16.16
2024-06-11,10.87,16.16
2024-06-12,11.03,16.32
2024-06-13,11.03,16.32
2024-06-14,11.03,16.32
2024-06-15,11.19,16.48
2024-06-16,11.19,16.48
2024-06-17,11.19,16.48
2024-06-18,11.27,16.56
2024-06-19,11.27,16.56
2024-06-20,11.35,16.64
2024-06-21,11.35,16.64
2024-06-22,11.35,16.64
2024-06-23,11.35,16.64
2024-06-24,11.35,16.64
2024-06-25,11.51,16.8
2024-06-26,11.51,16.8
2024-06-27,11.35,16.64
2024-06-28,11.35,16.64
2024-06-29,11.51,16.8
2024-06-30,11.51,16.8
2024-07-01,11.51,16.8
2024-07-02,11.51,16.8
2024-07-03,11.51,16.8
2024-07-04,11.51,16.8
2024-07-05,11.51,16.8
2024-07-06,11.51,16.8
2024-07-07,11.51,16.8
2024-07-08,11.51,16.8
2024-07-09,11.51,16.8
2024-07-10,11.51,16.8
2024-07-11,11.35,16.64
2024-07-12,11.27,16.56
2024-07-13,11.27,16.56
2024-07-14,11.27,16.56
2024-07-15,11.27,16.56
2024-07-16,11.27,16.56
2024-07-17,11.27,16.56
2024-07-18,11.19,16.48
2024-07-19,11.19,16.48
2024-07-20,11.11,16.4
2024-07-21,11.11,16.4
2024-07-22,11.11,16.4
2024-07-23,11.11,16.4
2024-07-24,11.03,16.32
2024-07-25,11.03,16.32
2024-07-26,11.11,16.4
2024-07-27,11.11,16.4
2024-07-28,11.11,16.4
2024-07-29,11.11,16.4
2024-07-30,11.03,16.32
2024-07-31,11.03,16.32
2024-08-01,10.95,16.24
2024-08-02,11.03,16.32
2024-08-03,11.03,16.32
2024-08-04,11.03,16.32
2024-08-05,11.03,16.32
2024-08-06,10.95,16.24
2024-08-07,10.87,16.16
2024-08-08,10.79,16.08
2024-08-09,10.87,16.08
2024-08-10,10.87,16.08
2024-08-11,10.87,16.08
2024-08-12,10.87,16.08
2024-08-13,10.87,16.08
2024-08-14,10.87,16.08
2024-08-15,10.95,16.16
2024-08-16,10.87,16.08
2024-08-17,10.79,16.08
2024-08-18,10.79,16.08
2024-08-19,10.79,16.08
2024-08-20,10.71,16.0
2024-08-21,10.55,15.84
2024-08-22,10.55,15.84
2024-08-23,10.55,15.84
2024-08-24,10.71,16.0
2024-08-25,10.71,16.0
2024-08-26,10.71,16.0
2024-08-27,10.71,16.0
2024-08-28,10.71,16.0
2024-08-29,10.71,16.0
2024-08-30,10.55,15.84
2024-08-31,10.55,15.84
2024-09-01,10.55,15.84
2024-09-02,10.55,15.84
2024-09-03,10.55,15.84
2024-09-04,10.55,15.84
2024-09-05,10.55,15.84
2024-09-06,10.47,15.68
2024-09-07,10.47,15.68
2024-09-08,10.47,15.68
2024-09-09,10.47,15.68
2024-09-10,10.39,15.6
2024-09-11,10.39,15.6
2024-09-12,10.31,15.52
2024-09-13,10.31,15.52
2024-09-14,10.39,15.6
2024-09-15,10.39,15.6
2024-09-16,10.39,15.6
2024-09-17,10.31,15.52
2024-09-18,10.31,15.52
2024-09-19,10.31,15.52
2024-09-20,10.31,15.52
2024-09-21,10.39,15.6
2024-09-22,10.39,15.6
2024-09-23,10.39,15.6
2024-09-24,10.39,15.6
2024-09-25,10.39,15.6
2024-09-26,10.39,15.6
2024-09-27,10.39,15.6
2024-09-28,10.39,15.6
2024-09-29,10.39,15.6
2024-09-30,10.39,15.6
2024-10-01,10.39,15.6
2024-10-02,10.39,15.6
2024-10-03,10.55,15.76
2024-10-04,10.55,15.76
2024-10-05,10.71,15.92
2024-10-06,10.71,15.92
2024-10-07,10.71,15.92
2024-10-08,10.71,15.92
2024-10-09,10.87,16.08
2024-10-10,10.79,16.0
2024-10-11,10.79,16.0
2024-10-12,10.79,16.0
2024-10-13,10.79,16.0
2024-10-14,10.79,16.0
2024-10-15,10.79,16.0
2024-10-16,10.79,16.0
2024-10-17,10.71,15.92
2024-10-18,10.71,15.92
2024-10-19,10.71,15.92
2024-10-20,10.71,15.92
2024-10-21,10.71,15.92
2024-10-22,10.55,15.76
2024-10-23,10.55,15.76
2024-10-24,10.71,15.92
2024-10-25,10.71,15.92
2024-10-26,10.71,15.92
2024-10-27,10.71,15.92
2024-10-28,10.71,15.92
2024-10-29,10.71,15.92
2024-10-30,10.55,15.76
2024-10-31,10.55,15.76
2024-11-01,10.55,15.76
2024-11-02,10.71,15.44
2024-11-03,10.71,15.44
2024-11-04,10.71,15.44
2024-11-05,10.71,15.44
2024-11-06,10.71,15.44
2024-11-07,10.79,15.52
2024-11-08,10.79,15.52
2024-11-09,10.79,15.52
2024-11-10,10.79,15.52
2024-11-11,10.79,15.52
2024-11-12,10.71,15.44
2024-11-13,10.71,15.44
2024-11-14,10.79,15.52
2024-11-15,10.87,15.6
2024-11-16,10.95,15.76
2024-11-17,10.95,15.76
2024-11-18,10.95,15.76
2024-11-19,10.87,15.68
2024-11-20,10.95,15.76
2024-11-21,10.95,15.76
2024-11-22,10.95,15.76
2024-11-23,10.95,15.76
2024-11-24,10.95,15.76
2024-11-25,10.95,15.76
2024-11-26,11.03,15.92
2024-11-27,10.95,15.84
2024-11-28,10.95,15.84
2024-11-29,10.87,15.76
2024-11-30,10.79,15.68
2024-12-01,10.79,15.68
2024-12-02,10.79,15.68
2024-12-03,10.79,15.68
2024-12-04,10.79,15.68
2024-12-05,10.87,15.76
2024-12-06,10.87,15.76
2024-12-07,10.79,15.68
2024-12-08,10.79,15.68
2024-12-09,10.79,15.68
2024-12-10,10.71,15.52
2024-12-11,10.79,15.6
2024-12-12,10.87,15.68
2024-12-13,10.95,15.76
2024-12-14,10.95,15.76
2024-12-15,10.95,15.76
2024-12-16,10.95,15.76
2024-12-17,11.03,15.84
2024-12-18,11.03,15.84
2024-12-19,11.03,15.84
2024-12-20,11.11,15.92
2024-12-21,11.11,15.92
2024-12-22,11.11,15.92
2024-12-23,11.11,15.92
2024-12-24,11.11,15.92
2024-12-25,11.11,15.92
2024-12-26,11.11,15.92
2024-12-27,11.11,15.92
2024-12-28,11.11,15.92
2024-12-29,11.11,15.92
2024-12-30,11.11,15.92
2024-12-31,11.11,15.92
2025-01-01,11.78,15.46
2025-01-02,11.83,15.52
2025-01-03,11.83,15.52
2025-01-04,11.99,15.68
2025-01-05,11.99,15.68
2025-01-06,11.99,15.68
2025-01-07,11.99,13.36
2025-01-08,11.99,13.36
2025-01-09,11.99,13.36
2025-01-10,11.91,13.28
2025-01-11,11.91,13.28
2025-01-12,11.91,13.28
2025-01-13,11.91,13.28
2025-01-14,12.15,13.52
2025-01-15,12.31,13.72
2025-01-16,12.15,13.56
2025-01-17,12.31,13.72
2025-01-18,12.31,13.72
2025-01-19,12.31,13.72
2025-01-20,12.31,13.72
2025-01-21,12.15,13.56
2025-01-22,12.15,13.56
2025-01-23,12.15,13.56
2025-01-24,12.07,13.44
2025-01-25,11.99,13.36
2025-01-26,11.99,13.36
2025-01-27,11.99,13.36
2025-01-28,11.99,13.36
2025-01-29,11.91,13.28
2025-01-30,11.91,13.28
2025-01-31,11.91,13.28
2025-02-01,11.83,13.2
2025-02-02,11.83,13.2
2025-02-03,11.83,13.2
2025-02-04,11.91,13.28
2025-02-05,11.99,13.44
2025-02-06,11.99,13.44
2025-02-07,11.91,13.36
2025-02-08,11.91,13.36
2025-02-09,11.91,13.36
2025-02-10,11.91,13.36
2025-02-11,11.91,13.36
2025-02-12,11.99,13.44
2025-02-13,12.07,13.52
2025-02-14,12.07,13.52
2025-02-15,11.99,13.44
2025-02-16,11.99,13.44
2025-02-17,11.99,13.44
2025-02-18,11.99,13.36
2025-02-19,11.99,13.36
2025-02-20,11.99,13.36
2025-02-21,11.99,13.36
2025-02-22,12.15,13.52
2025-02-23,12.15,13.52
2025-02-24,12.15,13.52
2025-02-25,11.99,13.36
2025-02-26,11.99,13.36
2025-02-27,11.91,13.2
2025-02-28,11.83,13.12
2025-03-01,11.83,13.12
2025-03-02,11.83,13.12
2025-03-03,11.83,13.12
2025-03-04,11.83,13.12
2025-03-05,11.83,13.12
2025-03-06,11.75,13.04
2025-03-07,11.67,12.88
2025-03-08,11.59,12.8
2025-03-09,11.59,12.8
2025-03-10,11.59,12.8
2025-03-11,11.59,12.8
2025-03-12,11.51,12.64
2025-03-13,11.51,12.64
2025-03-14,11.51,12.64
2025-03-15,11.51,12.64
2025-03-16,11.51,12.64
2025-03-17,11.51,12.64
2025-03-18,11.51,12.64
2025-03-19,11.51,12.64
2025-03-20,11.51,12.64
2025-03-21,11.51,12.64
2025-03-22,11.51,12.64
2025-03-23,11.51,12.64
2025-03-24,11.51,12.64
2025-03-25,11.51,12.64
2025-03-26,11.51,12.64
2025-03-27,11.51,12.64
2025-03-28,11.59,12.72
2025-03-29,11.59,12.72
2025-03-30,11.59,12.72
2025-03-31,11.59,12.72
2025-04-01,11.51,12.72
2025-04-02,11.51,12.72
2025-04-03,11.59,12.8
2025-04-04,11.59,12.8
2025-04-05,11.51,12.72
2025-04-06,11.51,12.72
2025-04-07,11.51,12.72
2025-04-08,11.35,12.56
2025-04-09,11.35,12.56
2025-04-10,11.35,12.56
2025-04-11,11.19,12.4
2025-04-12,11.19,12.4
2025-04-13,11.19,12.4
2025-04-14,11.19,12.4
2025-04-15,11.11,12.32
2025-04-16,11.11,12.32
2025-04-17,11.11,12.32
2025-04-18,11.11,12.32
2025-04-19,11.11,12.32
2025-04-20,11.11,12.32
2025-04-21,11.11,12.32
2025-04-22,11.11,12.32
2025-04-23,11.11,12.32
2025-04-24,11.11,12.32
2025-04-25,11.11,12.32
2025-04-26,11.19,12.4
2025-04-27,11.19,12.4
2025-04-28,11.19,12.4
2025-04-29,11.19,12.4
2025-04-30,11.19,12.4
2025-05-01,11.11,12.32
2025-05-02,11.03,12.24
2025-05-03,11.03,12.24
2025-05-04,11.03,12.24
2025-05-05,11.03,12.24
2025-05-06,10.95,12.16
2025-05-07,10.87,12.08
2025-05-08,10.95,12.16
2025-05-09,10.87,12.08
2025-05-10,10.87,12.08
2025-05-11,10.87,12.08
2025-05-12,10.87,12.08
2025-05-13,11.03,12.24
2025-05-14,11.11,12.32
2025-05-15,11.11,12.32
2025-05-16,11.11,12.32
2025-05-17,11.11,12.32
2025-05-18,11.11,12.32
2025-05-19,11.11,12.32
2025-05-20,11.11,12.32
2025-05-21,11.11,12.32
2025-05-22,11.11,12.32
2025-05-23,10.95,12.16
2025-05-24,10.95,12.16
2025-05-25,10.95,12.16
2025-05-26,10.95,12.16
2025-05-27,10.87,12.08
2025-05-28,10.87,12.08
2025-05-29,10.87,12.08
2025-05-30,10.87,12.08
2025-05-31,10.95,12.16
2025-06-01,10.95,12.16
2025-06-02,10.95,12.16
2025-06-03,10.95,12.16
2025-06-04,10.95,12.16
2025-06-05,10.95,12.16
2025-06-06,10.95,12.16
2025-06-07,11.11,12.32
2025-06-08,11.11,12.32
2025-06-09,11.11,12.32
2025-06-10,11.11,12.32
2025-06-11,11.11,12.32
2025-06-12,11.19,12.4
2025-06-13,11.19,12.4
2025-06-14,11.35,12.56
2025-06-15,11.35,12.56
2025-06-16,11.35,12.56
2025-06-17,11.35,12.56
2025-06-18,11.35,12.56
2025-06-19,11.59,12.8
2025-06-20,11.67,12.88
2025-06-21,11.99,13.2
2025-06-22,11.99,13.2
2025-06-23,11.99,13.2
2025-06-24,11.99,13.2
2025-06-25,11.75,12.96
2025-06-26,11.51,12.72
2025-06-27,11.35,12.56
2025-06-28,11.35,12.56
2025-06-29,11.35,12.56
2025-06-30,11.35,12.56
2025-07-01,11.27,12.48
2025-07-02,11.27,12.48
2025-07-03,11.35,12.56
2025-07-04,11.51,12.72
2025-07-05,11.51,12.72
2025-07-06,11.51,12.72
2025-07-07,11.51,12.72
2025-07-08,11.51,12.72
2025-07-09,11.51,12.72
2025-07-10,11.59,12.8
2025-07-11,11.59,12.8
2025-07-12,11.59,12.8
2025-07-13,11.59,12.8
2025-07-14,11.59,12.8
2025-07-15,11.59,12.8
2025-07-16,11.51,12.72
2025-07-17,11.51,12.72
2025-07-18,11.35,12.56
2025-07-19,11.51,12.72
2025-07-20,11.51,12.72
2025-07-21,11.51,12.72
2025-07-22,11.51,12.72
2025-07-23,11.51,12.72
2025-07-24,11.51,12.72
2025-07-25,11.51,12.72
2025-07-26,11.35,12.56
2025-07-27,11.35,12.56
2025-07-28,11.35,12.56
2025-07-29,11.35,12.56
2025-07-30,11.51,12.72
2025-07-31,11.51,12.72
2025-08-01,11.51,12.72
2025-08-02,11.51,12.72
2025-08-03,11.51,12.72
2025-08-04,11.51,12.72
2025-08-05,11.35,12.56
2025-08-06,11.35,12.56
2025-08-07,11.27,12.48
2025-08-08,11.27,12.48
2025-08-09,11.19,12.4
2025-08-10,11.19,12.4
2025-08-11,11.19,12.4
2025-08-12,11.19,12.4
2025-08-13,11.19,12.4
2025-08-14,11.19,12.4
2025-08-15,11.19,12.4
2025-08-16,11.19,12.4
2025-08-17,11.19,12.4
2025-08-18,11.19,12.4
2025-08-19,11.19,12.4
2025-08-20,11.19,12.4
2025-08-21,11.19,12.4
2025-08-22,11.19,12.4
2025-08-23,11.27,12.48
2025-08-24,11.27,12.48
2025-08-25,11.27,12.48
2025-08-26,11.27,12.48
2025-08-27,11.27,12.48
2025-08-28,11.11,12.32
2025-08-29,11.03,12.24
2025-08-30,11.03,12.24
2025-08-31,11.03,12.24
2025-09-01,11.03,12.24
2025-09-02,11.19,12.4
2025-09-03,11.27,12.48
2025-09-04,11.35,12.56
2025-09-05,11.35,12.56
2025-09-06,11.35,12.56
2025-09-07,11.35,12.56
2025-09-08,11.35,12.56
2025-09-09,11.27,12.48
2025-09-10,11.27,12.48
2025-09-11,11.35,12.56
2025-09-12,11.51,12.72
2025-09-13,11.35,12.56
2025-09-14,11.35,12.56
2025-09-15,11.35,12.56
2025-09-16,11.35,12.56
2025-09-17,11.35,12.56
2025-09-18,11.35,12.56
2025-09-19,11.35,12.56
2025-09-20,11.35,12.72
2025-09-21,11.35,12.88
2025-09-22,11.35,12.88
2025-09-23,11.35,13.04
2025-09-24,11.35,13.36
2025-09-25,11.35,13.68
2025-09-26,11.35,14.0
2025-09-27,11.51,14.48
2025-09-28,11.51,14.48
2025-09-29,11.51,14.48
2025-09-30,11.51,14.8
2025-10-01,11.51,15.12
2025-10-02,11.35,15.28
2025-10-03,11.35,15.6
2025-10-04,11.27,15.52
2025-10-05,11.27,15.52
2025-10-06,11.27,15.52
2025-10-07,11.27,15.52
2025-10-08,11.27,15.52
2025-10-09,11.27,15.52
2025-10-10,11.27,15.52
2025-10-11,11.35,15.6
2025-10-12,11.35,15.6
2025-10-13,11.35,15.6
2025-10-14,11.27,15.52
2025-10-15,11.19,15.44
2025-10-16,11.27,15.6
2025-10-17,11.19,15.52
2025-10-18,11.19,16.32
2025-10-19,11.19,16.32
2025-10-20,11.19,16.32
2025-10-21,11.11,16.24
2025-10-22,11.19,16.32
2025-10-23,11.19,16.32
2025-10-24,11.27,16.4
2025-10-25,11.51,17.44
2025-10-26,11.51,17.44
2025-10-27,11.51,17.44
2025-10-28,11.59,17.52
2025-10-29,11.67,17.6
2025-10-30,11.67,17.6
2025-10-31,11.59,17.52
2025-11-01,11.59,17.52
2025-11-02,11.59,17.52
2025-11-03,11.59,17.52
2025-11-04,11.59,17.52
2025-11-05,11.59,17.52
2025-11-06,11.67,17.6
2025-11-07,11.75,17.68
2025-11-08,11.83,17.76
2025-11-09,11.83,17.76
2025-11-10,11.83,17.76
2025-11-11,11.75,17.68
2025-11-12,11.75,17.68
2025-11-13,11.91,17.84
2025-11-14,11.75,19.44
2025-11-15,11.67,19.36
2025-11-16,11.67,19.36
2025-11-17,11.67,19.36
2025-11-18,11.83,19.6
2025-11-19,11.83,19.6
2025-11-20,11.83,19.6
2025-11-21,11.83,19.6
2025-11-22,11.83,19.6
2025-11-23,11.83,19.6
2025-11-24,11.83,19.6
2025-11-25,11.75,19.6
2025-11-26,11.67,19.52
2025-11-27,11.51,19.36
2025-11-28,11.35,19.2
2025-11-29,11.27,19.12
2025-11-30,11.27,19.12
2025-12-01,11.27,19.12
2025-12-02,11.51,19.36
2025-12-03,11.51,19.28
2025-12-04,11.51,19.28
2025-12-05,11.35,19.12
2025-12-06,11.35,19.12
2025-12-07,11.35,19.12
2025-12-08,11.35,19.12
2025-12-09,11.35,19.12
2025-12-10,11.35,19.12
2025-12-11,11.27,19.04
2025-12-12,11.27,19.04
2025-12-13,11.11,18.88
2025-12-14,11.11,18.88
2025-12-15,11.11,18.88
2025-12-16,11.19,18.88
2025-12-17,11.11,18.8
2025-12-18,11.03,18.72
2025-12-19,11.03,18.72
2025-12-20,11.03,18.72
2025-12-21,11.03,18.72
2025-12-22,11.03,18.72
2025-12-23,11.03,18.72
2025-12-24,11.11,18.8
2025-12-25,11.11,18.8
2025-12-26,11.11,18.8
2025-12-27,11.11,18.8
2025-12-28,11.11,18.8
2025-12-29,11.11,18.8
2025-12-30,11.11,18.8
2025-12-31,11.11,18.8
2026-01-01,11.15,18.8
2026-01-02,11.15,18.8
2026-01-03,11.19,18.84
2026-01-04,11.19,18.84
2026-01-05,11.19,18.84
2026-01-06,11.11,18.76
2026-01-07,11.11,18.76
2026-01-08,11.11,18.76
2026-01-09,11.03,18.68
2026-01-10,11.11,18.76
2026-01-11,11.11,18.76
2026-01-12,11.11,18.76
2026-01-13,11.19,18.92
2026-01-14,11.19,18.92
2026-01-15,11.35,19.0
2026-01-16,11.35,19.0
2026-01-17,11.27,19.0
2026-01-18,11.27,19.0
2026-01-19,11.27,19.0
2026-01-20,11.27,19.0
2026-01-21,11.27,19.0
2026-01-22,11.35,19.04
2026-01-23,11.35,19.04
2026-01-24,11.35,19.04
2026-01-25,11.35,19.04
2026-01-26,11.35,19.04
2026-01-27,11.35,19.04
2026-01-28,11.35,19.04
2026-01-29,11.27,18.96
2026-01-30,11.35,18.96
2026-01-31,11.51,19.12
2026-02-01,11.51,19.12
2026-02-02,11.51,19.12
2026-02-03,11.59,19.2
2026-02-04,11.35,18.96
2026-02-05,11.35,18.96
2026-02-06,11.35,18.96
2026-02-07,11.35,18.96
2026-02-08,11.35,18.96
2026-02-09,11.35,18.96
2026-02-10,11.35,18.96
2026-02-11,11.35,18.96
2026-02-12,11.27,18.88
2026-02-13,11.27,18.88
2026-02-14,11.27,18.88
2026-02-15,11.27,18.88
2026-02-16,11.27,18.88
2026-02-17,11.19,18.8
2026-02-18,11.19,18.8
2026-02-19,11.19,18.8
2026-02-20,11.27,18.88
2026-02-21,11.59,19.2
2026-02-22,11.59,19.2
2026-02-23,11.59,19.2
2026-02-24,11.59,19.2
2026-02-25,11.67,19.36
2026-02-26,11.67,19.36
2026-02-27,11.67,19.36
2026-02-28,11.67,19.36
2026-03-01,11.67,19.36
2026-03-02,11.67,19.36
2026-03-03,12.07,19.76
2026-03-04,12.39,20.16
2026-03-05,12.95,20.72
2026-03-06,13.19,20.96
2026-03-07,13.59,21.6
2026-03-08,13.59,21.6
2026-03-09,13.59,21.6
2026-03-10,14.31,22.32
2026-03-11,13.99,22.0
2026-03-12,13.67,21.52
2026-03-13,13.91,21.84
2026-03-14,14.15,22.08
2026-03-15,14.15,22.08
2026-03-16,14.15,22.08
2026-03-17,14.39,22.32
2026-03-18,14.39,22.32
2026-03-19,14.39,22.32
2026-03-20,14.79,22.72
2026-03-21,15.19,23.12
2026-03-22,15.19,23.12
2026-03-23,15.19,23.12
2026-03-24,15.67,23.6
2026-03-25,15.11,23.04
2026-03-26,14.95,23.04
2026-03-27,14.55,22.64
2026-03-28,15.03,23.2
2026-03-29,15.03,23.2
2026-03-30,15.03,23.2
2026-03-31,15.27,23.44
2026-04-01,15.27,23.44
2026-04-02,15.11,23.28
2026-04-03,15.11,23.28
2026-04-04,15.11,23.28
2026-04-05,15.11,23.28
2026-04-06,15.11,23.28
2026-04-07,15.11,23.28
2026-04-08,15.75,23.92
2026-04-09,15.75,23.92
2026-04-10,14.95,23.12
2026-04-11,14.95,23.12
2026-04-12,14.95,23.12
2026-04-13,14.95,23.12
2026-04-14,14.95,23.12
2026-04-15,14.87,23.04
2026-04-16,14.47,22.48
2026-04-17,14.23,22.16
2026-04-18,14.23,22.16
2026-04-19,14.23,22.16
2026-04-20,14.23,22.16
2026-04-21,13.99,21.92
2026-04-22,13.91,21.84
2026-04-23,13.91,21.84
2026-04-24,14.15,22.08
2026-04-25,14.31,22.24
2026-04-26,14.31,22.24
2026-04-27,14.31,22.24
2026-04-28,14.39,22.32
2026-04-29,14.71,22.64
2026-04-30,14.71,22.64
2026-05-01,15.19,23.12
2026-05-02,14.95,22.88
2026-05-03,14.95,22.88
2026-05-04,14.95,22.88
2026-05-05,14.71,22.64
2026-05-06,14.71,22.64
2026-05-07,14.55,22.48
2026-05-08,14.31,22.24
2026-05-09,14.07,22.0
2026-05-10,14.07,22.0
2026-05-11,14.07,22.0
2026-05-12,14.07,22.0
2026-05-13,13.91,21.84
2026-05-14,14.15,22.08
2026-05-15,14.15,22.08
2026-05-16,13.99,21.92
2026-05-17,13.99,21.92
2026-05-18,13.99,21.92
2026-05-19,14.23,22.16
2026-05-20,14.39,22.32
2026-05-21,14.39,22.32
2026-05-22,14.23,22.16
2026-05-23,14.23,22.16
2026-05-24,14.23,22.16
2026-05-25,14.23,22.16
2026-05-26,14.23,22.16
2026-05-27,14.07,22.0
2026-05-28,13.91,21.84
2026-05-29,13.67,21.6
2026-05-30,13.59,21.44
2026-05-31,13.59,21.44
2026-06-01,13.59,21.44
2026-06-02,13.43,21.24
2026-06-03,13.75,21.56
2026-06-04,13.75,21.56
2026-06-05,13.91,21.72
2026-06-06,13.91,21.72
2026-06-07,13.91,21.72
2026-06-08,13.91,21.72
2026-06-09,13.75,21.56
2026-06-10,13.75,21.56
2026-06-11,13.51,21.32
2026-06-12,13.51,21.32
2026-06-13,13.51,21.32
2026-06-14,13.51,21.32
2026-06-15,13.51,21.32
2026-06-16,13.35,21.16
2026-06-17,13.19,21.0
2026-06-18,12.95,20.76
2026-06-19,12.95,20.76
2026-06-20,12.79,19.72
2026-06-21,12.79,19.72
2026-06-22,12.79,19.72
2026-06-23,12.79,19.72
2026-06-24,12.79,19.72
2026-06-25,12.79,19.72
2026-06-26,12.79,19.72
2026-06-27,12.95,19.88
2026-06-28,12.95,19.88
2026-06-29,12.95,19.88
2026-06-30,12.79,19.72
2026-07-01,12.79,19.72
2026-07-02,12.95,19.88
2026-07-03,12.95,19.88
2026-07-04,12.95,19.88
2026-07-05,12.95,19.88
2026-07-06,12.95,19.88
2026-07-07,12.95,19.88
2026-07-08,13.11,19.88
2026-07-09,13.11,19.88
2026-07-10,13.75,19.88
2026-07-11,13.67,19.8
2026-07-12,13.67,19.8
2026-07-13,13.67,19.8
2026-07-14,13.51,19.52
2026-07-15,14.07,20.08
2026-07-16,14.31,20.32
2026-07-17,14.31,20.32
2026-07-18,14.47,20.48
2026-07-19,14.47,20.48
2026-07-20,14.47,20.48
2026-07-21,14.55,20.56
2026-07-22,14.71,20.72
2026-07-23,14.71,20.72
2026-07-24,14.87,20.88
2026-07-25,15.11,21.12
2026-07-26,15.11,21.12
2026-07-27,15.11,21.12
2026-07-28,14.87,20.88
2026-07-29,14.71,20.72
